Species,1968,1969,1970,1971,1972,1973,1974,1975,1976,1977,1978,1979,1980,1981,1982,1983,1984,1985,1986,1987,1988,1989,1990,1991,1992,1993,1994,1995,1996,1997,1998,1999,2000,2001,2002,2003,2004,2005,2006,2007,2008,2009,2010,2011,2012,2013,2014,2015
(Audubon's Warbler) Yellow-rumped Warbler,16,44,35,39,54,37,50,41,35,42,41,22,27,22,38,17,28,47,67,52,229,151,195,201,482,478,444,317,530,481,679,781,564,657,651,601,627,538,677,563,700,611,622,657,595,591,685,682
(Audubon's Warbler) Yellow-rumped Warbler,0,0,0,0,0,0,0,0,0,0,0,0,0,0,0,0,0,0,0,0,0,0,0,0,0,0,0,0,0,0,0,0,0,0,0,0,0,0,0,0,0,0,0,1,0,0,0,0
(Gray-headed Junco) Dark-eyed Junco,29,33,36,29,53,30,60,58,58,58,35,28,25,25,26,17,28,34,35,31,97,70,97,56,362,293,265,305,355,312,633,676,659,555,522,484,861,617,822,798,469,568,349,498,504,429,511,518
(Myrtle Warbler) Yellow-rumped Warbler,0,0,0,0,0,0,0,0,0,0,0,0,0,0,0,0,0,0,0,0,0,0,0,0,0,0,0,0,0,0,0,0,0,0,0,0,0,0,0,3,0,0,0,0,0,0,0,0
(Red-shafted Flicker) Northern Flicker,24,24,34,26,48,34,38,60,70,95,67,38,53,54,59,50,53,59,69,81,160,116,53,90,226,303,365,260,265,238,346,411,519,260,248,215,328,419,567,470,347,334,315,338,337,384,377,483
(unid. Myrtle/Audubon's) Yellow-rumped Warbler,0,0,0,0,0,0,0,0,0,0,0,0,0,0,0,0,0,0,0,0,0,0,0,0,0,0,0,0,0,0,0,0,0,0,1,0,0,0,2,0,0,0,0,0,0,0,0,0
(unid. Red/Yellow Shafted) Northern Flicker,0,0,0,0,0,0,0,0,0,0,0,0,0,0,0,0,0,0,0,0,0,0,0,0,0,0,0,0,0,0,0,0,1,2,3,2,0,4,1,7,0,3,1,0,0,1,6,4
(Yellow-shafted Flicker) Northern Flicker,0,0,0,0,0,0,0,0,0,0,0,2,1,1,2,0,0,0,0,0,1,0,2,3,4,0,0,0,3,1,1,5,3,0,2,8,2,4,0,1,2,1,2,1,3,2,4,0
Alder Flycatcher,0,0,0,0,0,0,0,0,0,0,0,0,0,0,0,0,0,0,0,0,0,0,0,0,0,0,0,0,0,0,0,0,0,0,0,0,0,0,0,0,0,0,0,0,0,1,0,0
American Avocet,0,0,3,1,2,14,10,5,11,4,2,3,5,0,10,5,2,3,16,17,24,16,8,24,18,35,35,42,20,9,26,31,20,23,24,32,16,18,14,35,10,6,9,21,8,15,36,18
American Bittern,0,0,0,0,0,1,0,0,0,0,0,0,0,0,0,2,4,0,0,0,7,15,0,4,0,1,8,9,3,8,2,13,6,6,0,3,6,8,7,10,0,4,7,10,9,3,2,3
American Coot,16,8,1,1,18,9,40,21,6,26,4,1,29,1,40,16,10,16,2,4,67,55,8,48,30,73,24,30,33,78,134,141,92,58,94,47,105,74,80,280,135,82,92,80,109,129,120,139
American Crow,40,67,69,93,60,85,71,95,68,74,76,50,58,35,103,33,50,34,60,31,59,102,43,70,194,233,202,240,319,350,508,491,574,502,553,443,497,402,623,612,514,392,468,469,350,504,536,590
American Dipper,0,0,0,0,1,0,0,1,4,1,0,2,0,1,1,7,5,7,3,1,4,3,2,4,4,4,7,2,3,7,8,15,4,4,2,8,4,8,5,6,6,9,2,5,8,7,1,3
American Goldfinch,4,2,2,6,5,10,3,23,23,15,3,4,8,30,41,42,25,16,34,44,48,60,31,45,86,56,53,126,68,82,115,68,55,66,82,77,53,122,65,107,139,86,70,64,80,87,89,76
American Kestrel,12,14,11,32,31,23,32,19,22,22,34,30,31,32,41,29,32,15,38,36,35,70,39,62,105,98,96,83,117,127,164,162,131,142,141,161,131,143,156,141,138,103,113,124,70,80,132,181
American Pipit,0,0,0,0,0,0,0,0,0,0,0,0,0,0,0,0,0,0,1,0,0,0,1,2,3,2,0,1,27,62,83,44,50,53,21,40,44,23,66,68,27,28,22,32,20,30,44,4
American Pipit,0,0,0,0,0,0,0,0,0,0,0,0,0,0,0,0,0,0,0,0,0,0,0,0,0,0,0,0,0,0,0,0,0,0,0,1,0,0,8,0,0,0,0,0,0,0,0,0
American Redstart,0,0,0,0,0,0,0,0,0,0,0,0,0,0,0,0,0,0,1,1,0,0,0,0,0,0,0,0,0,0,1,0,0,0,0,0,0,0,0,0,0,0,0,0,0,0,0,0
American Robin,125,260,302,389,462,368,427,607,462,323,606,369,477,398,523,489,617,430,713,500,1162,939,768,1072,1923,2113,2331,2059,2606,2318,3081,3345,3181,2977,2703,2722,2579,2678,2917,2996,3061,2881,2800,3039,2433,2443,2561,2634
American Three-toed Woodpecker,3,0,0,1,1,0,0,0,0,0,0,0,0,0,0,0,0,0,0,0,0,4,0,0,2,1,0,1,0,0,1,3,5,3,7,8,11,6,12,12,8,12,15,22,15,21,31,41
American Tree Sparrow,0,0,0,0,0,0,0,0,0,0,0,0,0,0,0,0,0,0,0,0,0,0,0,0,0,0,0,0,0,0,0,0,0,0,0,1,0,0,0,0,0,0,0,0,0,0,0,0
American White Pelican,0,0,0,0,0,0,0,0,0,0,0,0,0,0,0,0,0,0,0,0,0,0,0,0,0,0,0,0,0,0,0,0,0,0,1,0,0,0,0,2,1,0,0,0,0,0,0,0
American White Pelican,0,0,0,0,0,0,0,0,0,0,0,0,0,0,0,0,0,0,0,0,2,0,7,6,171,56,71,132,61,194,68,85,157,102,164,96,69,220,184,59,125,118,134,59,106,61,49,88
American Wigeon,0,0,0,0,0,1,0,0,1,0,0,2,0,0,0,0,0,0,0,0,1,0,6,35,9,11,3,6,17,21,20,35,26,32,99,52,42,35,36,32,25,13,45,12,23,19,13,14
Ash-throated Flycatcher,1,0,0,3,3,7,5,8,11,9,8,3,8,1,15,3,2,4,12,15,25,11,27,21,33,13,33,55,71,48,130,116,168,123,112,175,112,118,84,155,133,158,122,111,120,167,133,153
Bald Eagle,0,0,1,0,0,0,0,0,0,0,0,0,0,0,0,1,2,0,0,0,0,0,0,0,0,0,0,1,0,0,0,1,0,3,5,2,2,1,3,2,0,2,3,7,2,5,2,8
Baltimore Oriole,0,0,0,0,0,1,0,0,0,0,2,2,0,1,0,0,4,0,2,0,0,0,1,0,0,0,0,0,1,0,0,0,0,0,2,0,1,0,0,2,1,1,0,0,2,4,2,0
Band-tailed Pigeon,26,0,0,0,1,0,0,13,0,0,0,3,19,0,0,6,2,4,1,0,0,3,0,0,7,14,3,10,1,9,35,27,17,6,11,6,4,21,1,0,11,5,12,6,8,1,4,4
Bank Swallow,1,0,3,0,0,4,19,0,0,0,0,0,3,0,2,9,9,0,21,0,1,0,6,7,11,61,75,18,64,69,42,85,37,61,18,40,51,47,26,44,32,116,4,23,36,18,27,34
Barn Owl,0,0,0,0,0,0,0,0,0,0,0,0,0,0,0,0,0,0,0,0,0,1,0,0,0,1,0,1,0,0,0,1,0,0,0,2,0,1,2,0,1,1,1,2,0,0,0,0
Barn Swallow,38,44,93,153,151,244,279,294,282,205,260,201,313,154,293,241,294,400,329,513,677,586,585,530,770,1042,908,788,873,890,1011,981,890,212,406,439,490,595,1009,723,785,601,770,961,632,623,808,588
Barrow's Goldeneye,0,0,0,0,0,0,0,0,0,0,0,0,0,0,0,0,0,0,0,0,0,0,0,0,0,0,0,0,0,0,0,0,0,0,0,0,0,0,0,0,0,0,0,0,0,1,3,0
Bell's Vireo,0,0,0,0,0,0,0,0,0,0,0,0,0,0,0,0,0,0,0,0,0,0,0,0,0,0,0,0,0,0,0,0,0,0,0,0,0,0,0,1,0,1,0,0,0,0,0,0
Belted Kingfisher,0,1,0,2,5,4,1,2,4,4,3,4,4,3,6,5,2,3,2,3,1,8,9,2,4,10,2,7,10,13,19,10,13,18,13,15,15,14,20,4,13,7,2,3,6,7,3,4
Bewick's Wren,1,0,0,1,0,12,9,3,5,1,6,5,3,3,3,24,27,41,34,55,26,27,8,4,30,32,40,52,80,41,112,112,114,74,58,89,62,88,67,87,30,49,46,41,43,45,54,51
Black Phoebe,0,0,0,0,0,0,0,0,0,0,0,0,0,0,0,0,0,0,0,0,0,0,0,0,0,0,0,0,0,0,0,0,0,0,0,0,0,0,1,0,0,0,0,0,2,0,0,2
Black Rosy-Finch,0,0,0,0,0,0,0,0,0,0,0,0,0,0,0,0,0,0,0,0,0,0,0,0,0,0,0,0,0,0,0,0,0,0,0,2,3,0,0,0,0,0,0,0,0,0,0,0
Black Swift,0,0,0,0,0,0,0,0,0,0,0,0,0,0,0,0,0,0,0,8,0,0,0,0,0,0,0,0,0,0,0,0,0,7,0,0,0,0,0,0,0,0,8,0,0,0,0,4
Black Tern,0,0,0,0,0,0,0,0,0,0,0,0,0,0,0,0,0,0,0,0,0,0,0,0,0,0,0,0,0,0,0,0,0,0,0,0,0,0,0,0,0,0,0,0,0,3,1,0
Black Tern,0,0,0,0,0,0,0,0,0,0,0,0,0,0,0,0,0,0,0,0,0,2,0,1,0,8,4,19,0,3,1,1,0,10,4,0,1,0,0,6,0,0,5,7,0,0,0,0
Black-billed Cuckoo,0,0,0,0,0,0,0,0,0,1,0,0,0,0,0,0,0,0,0,0,0,0,0,0,0,0,0,0,0,0,0,0,0,0,0,0,0,0,0,0,0,0,0,0,0,0,0,0
Black-billed Magpie,98,173,223,251,430,299,379,411,375,413,259,323,363,294,454,272,210,275,295,364,423,404,326,550,858,669,835,713,821,825,1129,1191,1232,947,1035,962,773,731,1057,958,678,694,728,746,819,871,1035,1499
Black-capped Chickadee,0,4,0,1,5,0,1,10,3,3,12,6,9,10,5,9,8,6,4,10,11,23,17,26,53,41,52,60,42,29,46,76,56,77,50,77,52,44,63,76,55,29,40,23,42,39,62,66
Black-chinned Hummingbird,0,0,0,0,1,0,3,2,3,0,2,0,3,2,2,1,2,6,1,4,4,6,16,6,13,19,14,6,28,14,22,21,37,17,30,18,7,22,16,31,13,32,29,15,25,25,31,26
Black-crowned Night-Heron,4,2,1,1,2,2,2,0,3,14,1,4,1,0,0,0,3,4,0,0,4,1,0,2,0,10,8,9,5,11,6,22,7,6,6,10,5,4,15,1,6,7,3,9,1,2,0,3
Black-crowned Night-Heron,0,0,0,0,0,0,0,0,0,0,0,0,0,0,0,0,0,0,0,0,0,0,0,0,0,0,0,0,0,0,0,0,0,0,0,0,0,0,1,0,0,0,0,0,0,0,0,0
Black-headed Grosbeak,5,16,5,12,14,17,12,19,27,19,7,9,21,11,19,5,9,10,15,11,21,23,39,46,52,90,119,106,156,195,213,253,207,269,257,260,182,247,262,256,297,290,243,179,153,230,225,243
Black-necked Stilt,0,0,0,0,0,0,0,0,0,0,0,0,0,0,0,0,0,0,0,0,0,0,0,0,1,0,0,0,0,3,1,6,2,1,0,2,2,2,0,0,0,2,0,4,0,0,5,2
Black-necked Stilt,0,0,0,0,0,0,0,0,0,0,0,0,0,0,0,0,0,0,0,0,0,0,0,0,0,0,0,0,0,0,0,0,0,0,0,0,1,0,0,0,0,0,0,0,0,0,0,0
Black-throated Gray Warbler,0,0,0,0,0,4,6,3,7,0,2,4,3,0,11,4,5,2,6,0,10,4,18,9,7,3,6,21,21,39,71,78,66,60,41,61,60,77,53,63,65,75,82,64,38,54,64,57
Black-throated Sparrow,0,0,0,0,0,0,6,0,1,0,0,0,1,0,1,0,0,0,0,0,1,0,0,1,0,0,2,0,35,1,4,0,1,0,3,0,1,1,4,0,1,5,0,13,5,12,6,8
Blue Grosbeak,3,1,0,18,7,10,12,13,6,14,10,8,10,12,21,2,3,4,9,3,24,20,21,13,23,32,55,40,71,54,58,74,64,89,40,50,35,60,54,90,52,59,46,64,46,55,69,88
Blue Jay,0,0,0,0,1,1,0,3,0,1,1,0,2,1,2,0,0,2,2,3,0,6,1,3,3,6,3,6,9,10,15,19,13,15,18,15,3,5,13,12,6,13,14,9,7,21,13,9
Blue-gray Gnatcatcher,0,3,0,0,4,4,21,13,12,13,5,9,14,8,17,4,4,7,10,18,47,28,32,34,72,87,102,136,137,137,111,143,119,108,160,169,149,190,214,181,183,206,248,176,126,189,213,258
Blue-winged Teal,0,0,3,2,1,4,11,9,3,10,0,2,24,7,11,6,1,3,5,8,36,19,1,10,9,64,13,8,1,12,22,16,22,15,29,10,16,15,24,33,14,19,10,6,19,2,30,38
Blue-winged Warbler,0,0,0,0,0,0,0,0,0,0,0,0,0,0,0,0,0,0,0,0,0,0,0,0,0,0,0,0,0,0,0,0,0,0,0,0,0,0,0,0,0,0,0,0,0,1,0,0
Bobolink,0,0,0,0,0,6,1,1,4,0,0,0,2,2,2,0,0,1,1,3,5,7,3,7,8,4,6,7,4,5,4,7,3,2,5,1,1,1,3,4,4,9,1,2,8,4,0,1
Boreal Owl,0,0,0,0,0,0,0,0,0,0,0,0,0,0,0,0,0,0,0,0,0,0,0,0,0,0,0,0,0,1,0,0,0,0,0,0,0,0,0,1,0,0,1,1,0,0,0,2
Brewer's Blackbird,138,134,298,445,413,628,831,693,865,574,639,563,700,486,858,722,556,720,782,822,1071,889,414,707,1374,1111,1292,1201,1492,1378,1700,1436,1663,1226,1285,1366,1152,1362,1353,1291,1477,1138,1371,1025,894,953,949,1069
Brewer's Sparrow,2,86,45,15,152,91,269,188,225,211,117,136,144,201,230,84,121,120,186,191,310,185,189,237,491,425,456,760,829,982,914,895,699,600,639,728,780,629,779,736,643,547,734,680,387,510,624,808
Broad-tailed Hummingbird,32,66,85,65,50,59,73,69,60,86,114,102,126,70,83,165,152,89,136,79,256,186,172,197,404,548,476,523,487,592,755,727,737,675,690,632,611,783,698,705,761,745,656,489,552,624,694,760
Brown Creeper,0,1,0,0,0,0,1,1,2,0,0,0,0,0,0,1,1,0,0,0,2,3,0,0,0,1,2,1,2,2,11,13,5,6,10,2,9,11,15,11,6,3,6,8,7,7,15,11
Brown Thrasher,7,4,13,6,2,2,0,3,0,2,2,1,5,2,0,3,5,3,4,2,4,5,6,6,10,12,13,12,13,24,21,27,22,12,16,24,27,25,40,31,26,35,19,18,22,15,24,16
Brown-capped Rosy-Finch,0,0,0,0,0,0,0,0,0,0,0,0,0,0,0,0,0,0,0,0,0,0,0,0,0,0,0,0,5,1,10,0,3,1,0,0,1,0,0,2,1,0,0,3,1,1,2,0
Brown-headed Cowbird,8,12,4,23,17,28,74,98,67,92,107,69,119,85,148,87,149,145,188,189,312,241,256,224,297,434,411,404,535,604,785,807,756,586,673,615,466,544,748,669,677,554,601,650,578,533,541,729
Bufflehead,0,0,0,0,0,0,0,0,0,0,0,0,0,0,0,0,0,0,0,0,0,0,0,0,0,0,0,0,0,1,0,0,0,0,0,0,0,0,0,0,0,0,0,0,0,0,0,0
Bufflehead,0,0,0,0,0,0,0,0,0,0,0,0,0,0,0,0,0,0,0,0,0,0,0,0,0,0,0,0,0,0,0,0,0,0,0,0,0,0,0,0,0,0,0,0,0,0,2,0
Bullock's Oriole,9,8,12,35,29,42,68,41,37,35,36,56,52,34,64,50,52,71,68,95,119,127,93,166,210,215,245,218,225,202,205,247,285,247,252,247,255,229,262,287,291,266,208,217,186,239,243,244
Burrowing Owl,23,40,25,19,20,26,16,41,12,30,27,48,26,43,61,50,31,18,65,48,30,47,60,66,86,80,155,97,108,160,115,109,97,82,94,83,82,86,148,259,200,118,239,209,119,103,78,107
Burrowing Owl,0,0,0,0,0,0,0,0,0,0,0,0,0,0,0,0,0,0,0,0,0,0,0,0,0,0,0,0,0,0,0,0,0,0,0,0,0,0,0,0,1,0,0,0,0,0,0,0
Bushtit,0,0,0,0,0,0,0,0,0,1,0,0,0,1,5,1,0,1,0,25,0,6,0,13,16,10,9,5,16,1,15,0,48,17,33,23,33,23,15,36,30,29,7,4,15,15,32,39
California Gull,0,0,0,0,0,0,0,0,0,0,0,0,0,2,0,0,1,0,1,22,17,2,15,41,72,51,97,34,82,97,204,79,139,235,7,219,308,271,366,281,34,274,13,31,1,5,3,777
Calliope Hummingbird,0,0,0,0,0,0,0,0,0,0,0,0,0,0,0,0,0,0,0,0,0,0,0,0,0,0,0,0,0,0,0,1,0,1,0,0,0,0,0,0,0,0,0,0,0,0,0,0
Canada Goose,0,0,0,0,0,0,2,24,50,31,93,9,2,0,3,23,44,31,2,30,50,144,155,176,283,275,348,328,416,432,239,435,701,545,423,534,491,759,470,521,505,395,330,264,412,211,446,501
Canvasback,0,0,0,0,0,0,0,0,0,0,0,0,0,0,0,0,0,0,0,0,0,0,2,0,0,0,0,1,0,0,0,0,2,4,1,0,0,4,0,0,0,0,0,0,0,0,1,0
Canyon Towhee,1,0,0,0,1,2,1,1,2,1,0,0,0,0,2,0,0,0,1,0,1,1,1,0,1,1,0,1,5,5,4,3,8,7,3,6,0,7,3,8,3,1,12,0,0,0,3,0
Canyon Wren,0,0,0,0,0,1,3,2,1,3,4,4,3,5,2,3,1,0,0,2,0,3,3,2,1,0,4,10,7,6,13,13,16,6,9,9,13,9,8,13,6,7,8,1,1,6,4,11
Cassin's Finch,0,1,2,1,1,1,2,1,12,3,3,0,6,4,23,9,18,11,1,16,54,27,46,125,80,112,88,86,108,83,99,86,96,50,42,44,77,48,92,77,74,54,92,51,70,89,62,87
Cassin's Finch,0,0,0,0,0,0,0,0,0,0,0,0,0,0,0,0,0,0,0,0,0,0,0,0,0,0,0,0,0,0,0,1,0,0,0,0,0,0,0,0,0,0,0,0,0,0,0,0
Cassin's Kingbird,2,0,0,23,25,12,22,18,15,30,14,13,21,15,18,0,0,0,22,15,19,13,17,7,29,24,22,19,29,19,17,31,81,87,106,91,46,63,119,126,94,52,26,29,68,70,56,43
Cassin's Sparrow,2,1,76,140,129,247,1082,563,183,390,355,210,180,263,538,99,107,98,309,121,471,698,889,575,1198,1664,1285,1277,1459,436,663,866,716,529,510,1182,813,1278,1470,846,976,1525,1085,998,620,334,616,663
Cattle Egret,0,0,0,0,0,0,0,0,0,0,0,0,0,0,0,0,0,0,0,0,0,4,0,0,0,0,0,0,0,0,0,0,0,0,0,0,0,0,0,0,0,0,0,0,0,0,0,0
Cedar Waxwing,0,0,0,0,0,0,0,0,0,0,0,0,0,0,0,0,0,0,1,0,0,0,0,0,1,2,0,1,1,3,2,5,1,3,5,9,1,5,4,3,8,8,19,33,11,8,12,10
Cedar Waxwing,0,0,0,0,0,0,0,0,0,0,0,0,0,0,0,0,0,0,0,0,0,0,0,0,0,0,0,0,0,0,0,0,0,0,0,1,0,16,0,0,0,0,0,0,0,0,0,0
Chestnut-collared Longspur,0,0,0,0,0,16,39,0,0,2,0,0,0,0,0,0,0,0,0,1,8,12,12,20,16,11,17,30,16,40,14,7,10,9,27,14,14,4,3,25,8,3,7,8,12,2,16,6
Chestnut-sided Warbler,0,0,0,0,0,0,0,0,1,0,0,0,1,0,0,0,0,0,0,0,0,0,0,0,0,0,0,0,0,0,0,0,0,0,0,0,0,0,0,0,0,0,0,0,0,0,0,0
Chihuahuan Raven,0,0,0,0,1,6,1,8,0,1,0,1,0,0,1,7,3,0,2,6,77,35,6,13,13,10,20,6,11,18,16,30,42,27,28,33,43,43,26,48,27,15,20,31,10,54,35,54
Chimney Swift,4,1,3,1,0,1,6,1,3,1,6,3,6,6,5,3,2,8,3,4,9,9,7,6,6,4,1,0,0,3,8,0,1,2,8,1,5,5,13,5,1,3,2,3,5,2,9,12
Chipping Sparrow,12,22,18,25,56,54,84,47,82,57,48,52,45,50,70,31,55,82,105,92,149,86,101,172,330,222,421,250,433,382,576,575,642,427,507,516,564,503,680,663,519,522,484,409,447,382,542,556
Chipping Sparrow,0,0,0,0,0,0,0,0,0,0,0,0,0,0,0,0,0,0,0,0,0,0,0,0,0,0,0,0,0,0,0,1,0,0,1,0,0,0,0,0,0,0,0,1,0,0,0,0
Chukar,0,0,0,0,0,0,0,1,0,0,0,0,0,0,8,0,0,1,1,2,2,0,0,1,1,0,2,3,0,2,5,4,5,1,2,0,9,3,4,1,2,3,5,0,0,6,0,14
Cinnamon Teal,0,2,6,2,1,9,9,5,2,0,10,0,0,0,2,4,3,5,15,11,48,41,1,14,13,19,23,32,20,38,40,34,81,38,50,28,62,40,36,36,25,23,24,16,5,12,25,20
Clark's Grebe,0,0,0,0,0,0,0,0,0,0,0,0,0,0,0,0,0,0,0,0,0,0,0,0,0,0,1,0,0,1,1,0,1,0,3,0,0,0,0,0,0,0,0,0,0,0,0,0
Clark's Nutcracker,1,0,1,1,2,0,1,2,7,0,1,1,2,1,5,2,4,15,5,9,71,21,38,30,63,51,101,109,138,204,152,329,127,167,152,180,149,144,87,138,178,150,126,137,111,217,184,152
Clay-colored Sparrow,0,0,1,1,0,8,0,0,0,4,0,0,0,0,0,0,0,0,0,0,0,0,0,0,0,0,0,0,0,0,0,0,0,0,0,0,0,0,0,0,0,0,0,0,0,0,0,2
Clay-colored Sparrow,0,0,0,0,0,0,0,0,0,0,0,0,0,0,0,0,0,0,0,0,0,0,0,0,0,0,0,0,0,0,0,0,4,0,2,1,0,0,0,0,0,0,0,0,0,9,2,0
Cliff Swallow,174,247,226,235,580,332,397,781,469,590,713,510,836,572,946,593,878,866,1084,685,869,1184,1124,1537,1227,2103,3122,1833,2307,1833,2792,2715,2439,2275,3105,2476,2262,2229,2988,2184,2148,1928,2074,2167,1583,2399,2278,1882
Common Goldeneye,0,0,0,0,0,0,0,0,0,0,0,0,0,0,0,0,0,0,0,0,0,0,0,0,0,0,0,0,0,0,0,0,1,1,1,2,2,0,0,0,0,0,0,1,4,0,1,0
Common Grackle,6,40,39,24,24,33,45,24,37,64,88,115,131,134,132,180,162,170,187,167,327,391,448,479,762,813,944,871,918,6171,1106,1114,881,687,896,1215,993,1564,1113,1337,1207,1115,1263,907,1086,937,829,1104
Common Loon,0,0,0,0,0,0,0,0,0,0,0,0,0,0,0,0,0,0,0,0,0,0,0,0,0,0,0,0,0,0,0,0,1,0,0,0,0,0,0,0,0,4,0,0,0,0,0,1
Common Merganser,0,0,0,0,0,0,0,0,0,0,0,0,0,0,0,0,0,0,0,0,0,0,0,0,0,0,0,0,0,0,0,0,0,0,0,0,0,1,0,0,0,0,0,0,0,0,0,0
Common Merganser,0,0,0,3,0,1,0,0,0,0,0,0,1,6,9,4,9,0,5,2,16,13,5,6,6,12,13,49,33,10,27,65,23,24,41,36,29,29,42,32,47,31,4,37,37,22,41,44
Common Nighthawk,4,4,23,52,52,86,97,88,30,52,55,66,89,102,83,108,147,102,140,90,186,147,247,162,268,236,266,263,378,265,204,304,197,241,354,350,248,311,309,238,272,193,209,242,209,255,191,252
Common Poorwill,1,0,0,1,1,1,1,1,1,1,1,1,1,1,1,0,0,0,1,0,1,3,1,0,3,1,1,0,1,7,5,9,1,2,8,7,4,3,4,0,4,2,5,7,10,2,5,6
Common Poorwill,0,0,0,0,0,0,0,0,0,0,0,0,0,0,0,0,0,0,0,0,0,0,0,0,0,0,0,0,0,0,0,0,0,0,0,0,0,0,0,0,0,2,0,0,0,0,0,0
Common Raven,0,6,14,8,7,32,17,21,19,27,31,18,22,55,32,38,107,32,52,44,141,137,61,117,129,195,195,267,332,250,418,562,413,376,376,382,481,534,564,497,544,654,655,509,515,534,940,607
Common Yellowthroat,0,0,1,6,1,11,5,4,11,5,5,10,7,14,16,8,4,3,5,12,11,16,8,29,28,29,37,28,21,44,66,71,57,47,48,44,27,45,42,37,47,45,36,26,24,28,30,33
Cooper's Hawk,0,1,0,1,0,0,1,2,0,0,2,1,1,1,0,1,0,0,0,0,0,1,2,0,2,2,5,0,1,3,4,7,7,8,11,2,2,6,16,4,8,7,8,10,5,4,12,9
Cordilleran Flycatcher,3,22,13,17,22,26,15,17,8,24,16,20,19,9,3,18,17,22,34,21,37,40,49,11,64,70,134,83,131,154,174,192,183,183,182,203,197,130,153,234,191,184,193,178,133,127,160,159
Curve-billed Thrasher,0,0,0,0,0,1,1,0,0,0,0,0,0,1,0,0,0,0,0,0,0,2,2,1,1,3,0,7,0,1,1,7,2,0,2,1,1,3,7,3,4,0,4,3,5,3,9,5
Dickcissel,0,2,1,0,0,0,4,2,0,3,0,2,0,2,0,4,0,0,2,1,5,5,10,2,6,2,29,21,35,31,31,21,4,6,13,15,24,42,35,40,31,69,67,129,79,58,63,47
Double-crested Cormorant,0,0,0,0,0,0,0,0,0,0,0,0,0,0,0,0,1,0,0,0,6,6,9,21,26,29,64,53,35,58,38,32,41,24,24,42,44,50,128,102,51,157,115,46,39,62,44,65
Downy Woodpecker,0,2,1,0,0,0,5,2,1,0,0,0,3,1,0,2,1,1,1,1,0,1,2,3,6,3,4,2,8,3,20,15,8,5,12,6,19,10,13,10,7,10,9,22,8,18,7,13
Dusky Flycatcher,6,3,3,2,3,11,4,8,3,3,3,1,4,2,8,6,20,21,34,44,39,29,82,50,74,64,127,98,177,197,281,268,209,245,265,262,286,234,250,258,284,288,305,278,274,281,308,282
Dusky Flycatcher,0,0,0,0,0,0,0,0,0,0,0,0,0,0,0,0,0,0,0,0,0,0,0,0,0,0,0,0,0,0,0,0,0,0,0,0,0,0,0,0,2,0,0,0,0,0,0,0
Dusky Grouse,0,2,0,0,1,0,0,5,1,0,0,0,0,0,0,0,0,0,0,0,0,0,1,1,5,1,2,1,1,5,9,10,1,8,10,6,3,4,11,9,9,1,1,4,5,4,3,4
Eared Grebe,2,0,0,0,0,0,0,1,0,0,0,0,6,0,0,0,1,0,0,0,0,1,0,2,0,0,12,13,0,8,28,22,17,16,24,6,14,28,2,43,9,13,9,25,5,12,6,40
Eared Grebe,0,0,0,0,0,0,0,0,0,0,0,0,0,0,0,0,0,0,0,0,0,0,0,0,0,0,0,0,0,0,0,0,0,0,0,0,0,0,0,12,0,0,0,0,0,0,0,0
Eastern Bluebird,0,0,1,0,0,0,0,0,0,0,0,1,0,0,0,0,0,0,0,0,0,0,0,0,0,1,0,0,2,1,0,0,0,2,0,4,0,1,3,1,0,0,0,0,0,0,0,0
Eastern Kingbird,3,17,4,10,9,19,18,19,12,5,11,9,12,17,15,9,10,7,14,10,17,25,15,55,63,40,44,61,15,59,101,85,61,69,64,142,51,52,62,91,83,69,51,53,58,38,38,30
Eastern Meadowlark,0,0,0,0,0,0,0,0,0,0,0,0,0,0,0,0,0,0,0,0,1,0,0,0,0,0,0,0,0,0,2,0,0,0,0,0,0,0,0,0,0,0,0,0,0,0,0,0
Eastern Phoebe,0,0,0,0,0,0,0,0,0,0,0,0,0,0,0,0,0,0,0,0,0,1,0,0,0,0,0,0,0,0,0,1,0,0,0,0,1,0,1,0,1,0,1,0,0,0,1,1
Eastern Screech-Owl,0,0,0,0,0,0,0,0,0,0,0,0,0,1,1,1,0,0,0,0,0,0,0,0,0,0,0,0,0,0,0,0,0,0,0,0,0,0,0,0,0,0,0,0,0,0,0,0
Eurasian Collared-Dove,0,0,0,0,0,0,0,0,0,0,0,0,0,0,0,0,0,0,0,0,0,0,0,0,0,0,0,0,0,0,0,0,0,0,0,3,12,24,70,100,104,157,168,191,329,360,376,435
European Starling,59,114,133,106,255,347,376,310,291,346,248,276,377,395,333,346,301,244,292,322,651,629,454,659,1019,1080,1560,1216,1387,1921,1779,2017,1454,1277,1514,2464,1324,1719,1612,1874,1758,1905,1714,1164,828,1348,1363,1475
Evening Grosbeak,0,3,0,0,0,0,6,6,8,6,8,0,9,10,0,0,1,0,38,37,133,18,4,4,3,34,40,45,33,23,27,13,16,14,4,13,3,6,19,8,70,23,84,61,18,17,64,45
Ferruginous Hawk,9,2,1,7,5,1,3,15,1,6,4,6,3,7,5,8,7,6,3,1,2,9,14,14,33,34,33,21,30,40,26,49,21,25,24,29,20,28,24,34,38,49,49,36,32,30,30,28
Field Sparrow,0,0,0,0,0,0,3,3,0,0,0,0,0,0,0,0,0,0,0,0,0,0,0,0,2,0,6,0,0,6,2,0,0,0,0,0,2,0,0,0,0,0,0,0,1,0,0,0
Flammulated Owl,0,0,0,0,0,0,0,0,0,0,0,0,0,0,0,0,0,0,0,0,0,0,0,0,0,0,0,0,0,0,0,1,0,0,0,0,0,0,0,0,0,0,0,1,0,0,0,0
Forster's Tern,0,0,0,0,0,0,0,0,0,0,0,0,0,0,0,0,0,0,0,0,0,0,2,4,2,0,0,2,3,14,3,1,1,9,3,5,1,4,0,14,10,1,1,0,0,0,0,0
Fox Sparrow,1,0,0,2,1,0,2,1,3,3,0,0,1,1,0,7,15,15,8,5,11,15,20,11,36,36,43,40,56,65,75,73,64,65,58,64,66,35,61,43,50,42,42,57,43,43,45,49
Franklin's Gull,0,0,0,0,0,0,0,0,0,0,0,0,0,0,0,0,0,0,0,0,0,0,0,0,0,0,0,0,0,0,0,0,4,1,0,0,0,0,0,0,0,0,0,0,0,1,0,0
Gadwall,4,2,7,0,0,2,9,5,4,2,0,4,0,2,0,4,3,7,5,2,23,34,13,13,28,58,26,85,63,54,65,93,164,68,125,92,89,88,131,108,107,101,133,73,46,34,60,88
Gambel's Quail,0,0,0,0,0,0,0,0,0,0,0,0,0,1,0,0,0,0,0,0,0,0,2,0,2,0,0,0,0,0,0,9,2,6,2,8,0,0,0,1,0,8,9,12,7,16,24,25
Golden Eagle,0,0,3,2,5,3,4,3,5,2,7,4,4,7,9,6,5,10,10,5,9,16,16,20,17,14,10,13,37,31,20,28,18,18,10,32,19,20,27,21,24,19,25,20,16,18,23,26
Golden Eagle,0,0,0,0,0,0,0,0,0,0,0,0,0,0,0,0,0,0,0,0,0,0,0,0,0,0,0,0,0,0,0,0,0,0,0,0,0,0,0,0,1,1,0,0,0,0,0,0
Golden-crowned Kinglet,0,0,1,0,0,0,1,0,0,0,0,0,0,0,0,0,0,4,1,0,8,3,4,3,10,16,8,9,12,9,16,18,28,19,22,24,34,22,21,28,8,13,13,22,10,5,7,17
Grace's Warbler,0,2,0,0,0,0,0,5,0,0,0,0,1,0,0,0,0,0,0,0,0,0,0,0,2,1,0,0,1,8,19,15,30,24,36,24,28,26,30,27,33,28,28,27,21,24,24,34
Grasshopper Sparrow,52,70,56,180,69,300,158,202,82,154,137,260,177,324,241,290,287,225,259,260,485,337,339,476,769,942,732,795,529,847,626,534,485,507,210,513,362,544,342,530,510,505,557,501,411,205,189,529
Grasshopper Sparrow,0,0,0,0,0,0,0,0,0,0,0,0,0,0,0,0,0,0,0,0,0,0,0,0,0,0,0,0,0,0,0,2,0,0,0,0,0,0,19,0,0,0,0,0,0,0,0,0
Gray Catbird,0,2,6,3,3,3,2,3,18,9,1,1,3,2,6,0,1,4,5,7,2,3,2,5,4,6,1,7,9,10,16,11,9,10,28,8,18,14,13,31,47,36,36,18,31,31,26,26
Gray Flycatcher,0,0,0,0,0,1,3,2,0,0,1,2,1,0,1,1,0,2,5,3,11,5,9,14,9,21,20,41,31,44,69,47,61,49,49,89,55,47,40,62,74,65,79,55,39,54,48,58
Gray Jay,2,1,0,4,1,0,2,2,3,2,4,2,6,1,3,4,1,8,3,0,2,11,9,2,45,11,22,34,31,21,36,42,44,18,40,19,47,50,27,31,38,33,30,67,26,20,23,20
Gray Vireo,0,0,0,0,0,0,1,1,1,0,0,0,1,0,0,1,1,1,0,0,1,3,0,2,0,0,0,2,3,2,5,1,6,5,8,11,13,16,7,2,5,7,7,6,6,6,5,6
Gray-crowned Rosy-Finch,0,0,0,0,0,0,0,0,0,0,0,0,0,0,0,0,0,0,0,0,0,0,0,0,0,0,0,0,0,0,0,0,0,0,0,0,0,0,1,0,0,0,0,0,0,0,0,0
Great Blue Heron,0,0,0,1,1,3,5,5,1,1,1,1,0,8,6,3,4,1,9,9,14,10,5,38,30,31,28,30,30,20,61,55,62,66,66,96,35,81,73,96,58,71,46,33,39,30,44,38
Great Crested Flycatcher,0,0,0,0,0,0,0,0,0,0,0,0,0,0,0,0,0,0,0,0,0,0,1,0,1,0,0,0,0,0,0,0,0,0,0,0,0,0,0,0,0,0,0,0,0,0,0,0
Great Egret,0,0,0,0,0,0,0,0,0,0,0,0,0,0,0,0,0,0,0,0,0,0,0,0,0,0,0,0,0,0,0,0,0,1,0,0,0,0,0,0,1,5,1,2,2,0,1,0
Great Egret,0,0,0,0,0,0,0,0,0,0,0,0,0,0,0,0,0,0,0,0,0,0,0,0,0,0,0,0,0,0,0,1,0,0,0,0,0,0,0,0,0,0,0,0,0,0,0,0
Great Horned Owl,4,3,1,0,4,3,5,2,0,7,4,2,3,15,12,9,16,7,17,8,16,22,16,22,37,25,26,18,24,26,30,24,19,27,11,31,19,21,27,28,24,18,48,32,19,14,29,37
Great-tailed Grackle,0,0,0,0,0,0,0,0,0,0,0,0,0,0,2,2,4,12,0,7,1,4,3,2,0,0,1,8,14,52,15,17,18,51,6,44,30,24,61,52,99,73,51,72,34,36,24,98
Greater Prairie-Chicken,0,0,0,0,0,0,0,0,0,0,0,0,0,0,0,0,0,2,1,0,8,47,12,58,1,7,0,0,0,7,5,5,1,6,4,0,0,0,2,2,13,7,14,16,29,19,0,7
Greater Roadrunner,0,0,0,0,2,0,0,0,0,0,0,0,0,0,0,0,0,0,0,0,0,0,1,0,2,0,0,1,5,1,0,5,1,5,1,2,0,0,2,4,1,0,6,1,1,0,1,2
Greater Sage-Grouse,0,0,0,0,30,4,0,3,6,2,5,8,7,1,6,0,0,3,2,14,4,2,21,1,8,2,2,4,0,0,16,0,18,8,17,0,1,2,7,0,0,0,10,7,91,3,9,20
Greater Scaup,0,0,0,0,0,0,0,0,0,0,0,0,0,0,0,0,0,0,0,0,0,0,0,0,0,0,0,0,0,0,0,0,0,0,0,0,0,0,0,0,0,0,8,0,0,0,0,0
Greater Yellowlegs,0,0,0,0,0,0,0,0,0,0,0,0,0,0,0,0,0,0,0,0,0,0,0,0,0,0,0,0,0,0,0,0,0,0,0,0,0,0,0,0,0,1,1,0,0,1,0,1
Green-tailed Towhee,0,0,0,0,0,0,0,0,0,0,0,0,0,0,0,0,0,0,0,0,0,0,0,0,0,0,0,0,0,0,0,0,0,0,0,0,0,0,0,0,0,0,0,0,0,0,1,0
Green-tailed Towhee,29,60,90,59,81,86,57,126,84,170,114,118,105,117,250,123,132,125,248,238,390,287,332,274,601,587,724,640,831,913,950,996,838,753,732,789,848,915,826,845,781,835,949,904,735,713,939,1008
Green-winged Teal,0,5,0,6,0,2,1,1,10,1,1,12,6,3,4,0,7,5,3,5,18,21,11,22,17,20,30,30,45,22,94,60,40,30,60,45,43,34,60,41,24,7,23,12,13,9,30,18
Gunnison Sage-Grouse,0,0,0,0,0,0,0,0,0,0,0,5,0,0,0,0,0,0,0,0,0,0,0,0,0,0,1,1,1,1,1,0,7,3,0,0,1,2,16,8,0,0,0,1,18,5,3,7
Hairy Woodpecker,0,3,1,1,5,1,5,1,5,2,6,2,1,1,1,1,0,2,3,4,8,7,5,13,26,14,36,20,24,18,30,29,35,34,32,44,68,39,76,48,57,41,58,47,53,57,45,53
Hammond's Flycatcher,0,1,0,0,0,1,1,0,0,0,0,0,0,1,3,7,4,0,5,4,25,37,49,33,36,47,36,55,51,69,45,38,55,81,80,64,69,60,85,77,51,57,50,40,50,51,62,62
Hepatic Tanager,0,0,0,0,0,0,0,0,0,0,0,0,0,0,0,0,0,0,0,0,0,1,0,0,0,0,0,0,0,0,0,0,1,0,0,0,0,0,3,2,0,1,0,0,1,0,0,0
Hermit Thrush,14,16,6,11,20,17,25,25,34,37,28,50,44,21,30,23,23,26,50,41,173,102,152,93,343,333,443,310,511,362,557,431,516,633,483,527,669,533,576,480,540,497,465,719,463,538,525,571
Hermit Thrush,0,0,0,0,0,0,0,0,0,0,0,0,0,0,0,0,0,0,0,0,0,0,0,0,0,0,0,0,0,0,0,0,1,0,0,0,0,0,0,0,0,0,0,0,0,0,0,0
Herring Gull,0,0,0,0,0,0,0,0,0,1,0,0,0,0,0,0,0,0,0,0,0,0,0,0,0,0,0,0,0,0,0,0,0,0,0,0,0,0,0,0,0,0,0,0,0,0,0,0
Hooded Merganser,0,0,0,0,0,0,0,0,0,0,0,0,1,0,0,0,0,0,0,0,0,0,0,0,0,0,0,0,0,0,0,0,0,0,0,0,0,0,0,0,0,0,0,0,0,0,0,0
Hooded Merganser,0,0,0,0,0,0,0,0,0,0,0,0,0,0,0,0,0,0,0,0,0,0,0,0,0,0,0,0,0,0,0,0,0,0,0,0,0,0,0,0,3,0,0,0,0,1,0,0
Horned Lark,938,1056,933,1217,1438,2678,3072,2945,1506,2217,2250,2791,2583,3232,3551,3183,3138,2412,2998,2470,3512,3956,4067,3839,8453,7288,6617,6649,5470,6495,5260,6125,5913,5138,5068,6580,6164,7201,7348,6465,7111,6512,6491,5457,5351,5076,5240,4906
House Finch,24,10,8,44,35,8,31,37,61,53,59,23,36,39,66,28,38,45,34,49,87,66,57,60,82,132,191,139,347,200,180,281,367,304,342,432,267,362,348,375,299,250,210,245,241,300,300,337
House Sparrow,460,687,604,569,679,694,717,565,456,440,431,577,462,559,921,629,433,449,429,460,873,1059,1271,1476,2290,1802,2191,1233,1394,1487,1240,1596,1697,1301,1294,1957,1802,1832,1845,1760,1296,1604,1593,1740,1359,1496,1560,1723
House Wren,11,51,36,32,59,62,94,104,65,46,53,53,45,32,64,65,44,69,101,94,178,125,135,163,419,410,540,419,500,640,572,647,424,460,562,567,560,594,499,518,551,563,583,500,386,405,531,595
hybrid Mallard x Black Duck or Mottled Duck,0,0,0,0,0,0,0,0,0,0,0,0,0,0,0,0,0,0,0,0,0,0,0,0,0,0,0,0,0,0,0,0,0,0,0,0,0,1,0,0,0,0,0,0,0,0,0,0
Indigo Bunting,0,0,0,0,1,0,0,0,0,0,1,0,1,1,0,1,0,2,0,0,1,0,1,0,1,2,0,3,0,0,1,2,0,1,1,1,1,1,7,2,4,8,17,1,0,0,3,2
Indigo Bunting,0,0,0,0,0,0,0,0,0,0,0,0,0,0,0,0,0,0,0,0,0,0,0,0,0,0,0,0,0,0,0,0,0,1,0,0,0,0,0,0,0,0,0,0,0,0,0,0
Juniper Titmouse,0,0,0,3,10,0,3,0,1,4,5,1,3,5,2,2,7,1,1,4,8,20,4,17,19,14,10,13,11,5,25,16,20,11,21,24,17,23,12,17,11,24,28,19,17,17,22,36
Killdeer,22,58,75,94,155,119,190,198,143,140,144,144,176,169,229,191,140,183,165,218,292,277,220,376,451,498,539,484,449,427,455,533,436,361,367,471,342,402,445,467,319,354,395,295,242,234,249,309
Ladder-backed Woodpecker,0,0,0,0,0,0,1,0,1,0,0,0,0,0,0,0,0,0,0,0,0,0,0,0,0,0,0,0,0,0,0,0,0,0,0,1,0,0,1,2,0,0,1,0,1,0,1,3
Lark Bunting,841,1319,995,775,563,2302,920,1198,475,1488,1287,2080,1401,2268,1982,2427,1870,1134,1066,1076,3303,1935,1779,3492,4883,3327,4239,8525,2302,5067,2761,5326,2402,7228,874,5890,3968,3275,1613,4344,860,3091,2507,3125,2929,2145,2727,5575
Lark Bunting,0,0,0,0,0,0,0,0,0,0,0,0,0,0,0,0,0,0,0,0,0,0,0,0,0,0,0,0,0,0,0,0,0,0,0,0,0,0,0,1,0,0,0,0,0,0,0,0
Lark Sparrow,19,24,10,36,43,50,56,87,81,53,56,88,80,88,149,41,68,72,116,143,242,336,585,290,514,657,544,502,512,374,373,462,605,632,509,536,622,570,733,660,489,466,444,494,544,447,503,516
Lazuli Bunting,4,1,0,5,17,15,22,31,23,42,28,26,23,29,38,18,22,35,36,47,35,29,58,36,131,67,132,121,138,113,157,138,124,100,72,83,39,70,69,96,95,94,115,113,60,98,68,152
Least Flycatcher,0,0,0,0,0,0,0,0,0,0,0,0,0,0,0,0,0,0,0,0,0,0,0,0,0,0,0,0,0,0,0,0,0,0,0,0,0,0,0,0,0,1,1,1,0,0,0,0
Least Sandpiper,0,0,0,0,0,0,0,0,0,0,0,0,0,0,0,0,0,0,0,0,0,0,0,0,0,0,0,0,0,0,0,0,0,0,0,0,1,0,0,0,0,0,0,0,0,0,0,0
Least Tern,0,0,0,0,0,0,0,0,0,0,0,0,0,0,0,0,0,0,0,0,0,0,0,0,0,1,2,0,0,0,0,0,0,0,0,1,0,0,0,0,0,0,0,0,0,0,0,0
Lesser Goldfinch,0,4,0,2,5,4,6,4,18,4,30,22,19,17,6,11,17,16,9,24,16,13,24,88,38,21,41,38,48,36,84,49,103,74,113,99,47,76,87,179,118,119,89,82,97,111,114,162
Lesser Prairie-Chicken,0,0,0,0,0,0,0,0,0,0,0,0,0,0,0,0,0,0,0,0,0,0,0,0,0,6,0,0,0,0,0,0,0,0,0,0,0,0,0,1,0,0,0,0,0,0,0,0
Lesser Scaup,0,0,0,0,0,0,0,0,0,0,0,0,1,0,0,0,0,0,0,0,5,7,17,20,70,59,46,60,16,20,23,73,48,49,58,28,20,28,63,53,71,32,12,55,63,29,39,61
Lewis's Woodpecker,1,4,0,3,4,2,5,0,1,2,2,5,6,1,4,2,5,0,2,0,0,6,7,0,9,21,19,5,23,13,20,19,17,18,10,11,12,9,14,23,11,5,9,4,10,16,17,7
Lincoln's Sparrow,9,23,9,11,7,8,16,10,9,9,1,3,10,6,11,2,9,9,51,20,112,49,95,81,268,149,195,222,278,252,329,384,365,386,400,330,357,313,352,362,439,459,453,398,458,312,391,443
Lincoln's Sparrow,0,0,0,0,0,0,0,0,0,0,0,0,0,0,0,0,0,0,0,0,0,0,0,0,0,0,0,0,2,0,0,0,0,0,0,0,0,0,0,0,0,0,0,0,0,0,0,0
Loggerhead Shrike,27,23,12,37,30,28,20,37,38,44,14,28,25,36,34,30,20,17,26,39,33,27,37,43,84,117,118,121,79,98,87,126,117,66,102,210,79,101,123,103,97,82,76,96,87,80,85,99
Long-billed Curlew,0,4,4,0,0,103,28,89,11,48,57,23,24,33,18,3,11,26,15,0,51,31,32,11,44,67,80,47,86,66,33,27,22,48,43,37,26,66,54,66,38,58,39,57,54,34,48,25
Long-billed Dowitcher,0,0,0,0,0,0,0,0,0,0,0,0,0,0,0,0,0,0,0,0,0,0,0,0,0,0,0,0,0,0,0,0,0,0,0,0,0,0,0,0,0,2,0,0,0,0,0,0
Long-eared Owl,0,0,0,0,0,0,0,0,0,0,0,0,0,0,0,2,0,0,0,0,0,0,0,0,0,0,0,0,0,0,0,0,2,0,0,0,4,4,0,0,0,0,0,0,0,0,0,2
MacGillivray's Warbler,10,10,24,14,15,19,42,33,12,16,26,25,13,5,9,2,8,12,40,17,37,25,39,15,63,54,77,107,118,182,252,202,147,168,202,157,158,159,141,148,151,151,179,138,149,196,179,139
Mallard,7,23,62,57,20,100,62,64,63,73,100,48,82,23,71,87,100,99,86,113,264,355,155,180,221,422,357,370,334,395,518,466,457,395,607,444,386,333,530,399,319,303,383,311,273,278,304,277
Marsh Wren,0,0,0,0,0,0,0,0,0,0,0,0,0,0,0,0,0,0,0,0,0,5,0,16,6,15,9,56,19,13,12,14,19,7,6,6,0,1,5,2,2,7,2,3,5,0,2,2
McCown's Longspur,0,1,0,5,19,16,29,12,6,5,11,14,4,10,9,3,9,5,8,9,10,15,33,19,40,94,241,194,114,223,77,89,117,73,131,88,114,213,83,124,155,109,113,138,225,207,126,226
Merlin,0,0,0,0,0,0,0,0,0,0,0,0,0,0,0,0,0,0,0,0,0,0,0,0,0,0,0,0,0,0,0,1,0,0,0,0,0,0,0,0,1,0,0,0,0,0,0,0
Mountain Bluebird,14,9,23,13,35,31,35,21,55,70,52,26,79,58,48,33,28,25,49,78,132,106,114,96,337,339,417,342,458,328,538,509,521,344,482,578,666,627,842,638,631,442,451,514,529,541,540,587
Mountain Chickadee,7,20,13,17,25,18,11,18,9,21,12,6,7,19,34,14,20,11,17,6,60,54,95,74,212,155,225,161,195,173,403,526,375,380,343,343,385,352,521,393,386,337,344,313,372,311,302,322
Mountain Plover,15,32,9,7,20,12,15,26,11,13,13,31,18,6,17,27,9,40,24,11,4,13,19,14,14,65,27,21,48,40,27,12,22,19,23,8,42,27,8,24,23,31,47,22,20,24,16,15
Mourning Dove,315,383,413,550,631,1213,1511,1609,1024,1592,1529,1390,1372,1661,1885,1559,1439,1255,1313,1103,1768,2006,1757,2043,2945,2874,3444,2764,3348,3736,3274,3748,3644,3442,3362,4458,3586,4020,4681,4668,4345,3875,3121,3396,2720,2961,2954,2848
Nashville Warbler,0,0,0,0,0,0,0,0,0,0,0,0,0,0,0,0,0,0,0,0,0,0,0,0,0,0,0,0,0,0,0,0,0,0,0,0,1,0,1,1,0,0,0,1,0,0,0,0
Northern Bobwhite,0,0,0,0,0,0,0,0,0,0,0,0,0,0,0,0,0,0,0,0,0,0,0,0,0,0,0,0,0,0,0,0,0,0,0,0,0,0,3,0,0,0,0,0,0,0,0,0
Northern Bobwhite,3,4,10,4,4,62,9,1,3,6,8,10,1,33,18,21,4,11,0,4,15,5,6,7,8,21,33,14,12,35,35,29,29,21,31,92,15,26,19,4,17,13,9,17,9,10,9,8
Northern Cardinal,0,0,0,0,0,0,0,0,0,0,0,0,0,0,0,0,0,0,0,0,0,0,3,0,0,0,0,0,0,0,0,0,0,0,0,0,0,0,0,0,0,0,0,0,1,0,0,0
Northern Goshawk,0,0,0,0,1,0,0,0,0,1,0,0,0,0,0,1,0,1,0,0,0,0,0,1,0,0,1,1,1,2,2,2,7,0,3,1,1,1,3,0,1,1,1,2,6,4,3,3
Northern Harrier,11,7,17,6,4,11,19,10,7,12,7,5,11,5,14,8,10,8,8,5,8,21,6,26,29,36,26,40,25,29,39,50,41,43,34,52,22,35,38,30,42,43,28,15,21,8,12,26
Northern Mockingbird,21,8,20,76,64,39,134,80,46,61,38,38,48,22,38,18,46,20,79,42,74,143,145,95,141,144,246,165,538,159,233,306,489,283,419,341,328,196,688,333,367,396,337,467,432,417,510,271
Northern Pintail,0,0,4,8,0,7,2,4,3,1,1,6,6,2,2,7,2,2,6,1,20,20,5,6,9,11,6,24,10,19,29,16,18,21,41,25,20,16,5,8,59,6,3,5,16,2,7,12
Northern Pintail,0,0,0,0,0,0,0,0,0,0,0,0,0,0,0,0,0,0,0,0,0,0,0,0,0,0,0,0,0,0,0,0,2,0,0,0,0,0,0,0,0,0,0,0,0,0,0,0
Northern Pygmy-Owl,0,0,0,0,0,0,0,0,0,0,0,0,0,0,0,0,0,0,0,0,0,0,1,0,0,0,0,2,1,0,2,0,1,1,0,0,0,1,2,1,1,0,1,2,0,0,1,2
Northern Rough-winged Swallow,10,15,9,24,38,26,22,16,24,42,29,35,13,12,68,52,12,13,34,45,83,88,121,373,93,104,79,106,141,137,188,272,141,88,199,133,104,148,173,91,136,101,120,88,60,84,65,60
Northern Saw-whet Owl,0,0,0,0,0,0,0,0,0,0,0,0,0,0,0,0,0,0,0,0,0,0,0,2,0,0,0,0,0,1,1,0,0,0,0,0,0,0,0,1,1,0,0,0,0,0,0,0
Northern Shoveler,0,0,2,1,1,4,0,1,1,7,0,1,6,0,0,2,0,0,0,3,4,16,0,3,1,3,5,28,20,16,27,17,16,9,13,9,12,5,15,38,25,33,2,2,57,15,16,58
Northern Shoveler,0,0,0,0,0,0,0,0,0,0,0,0,0,0,0,0,0,0,0,0,0,0,0,0,0,0,0,0,0,0,0,0,2,0,0,0,0,0,0,0,0,0,0,0,0,0,0,0
Northern Shrike,0,0,0,0,0,0,0,0,0,0,0,0,0,0,0,0,0,0,0,0,0,0,0,0,0,0,0,0,0,0,0,0,1,0,0,0,0,0,0,0,0,0,0,0,0,0,0,0
Olive-sided Flycatcher,1,20,7,14,11,7,4,14,8,8,6,2,5,9,5,5,9,5,15,12,40,27,39,35,78,75,83,74,76,101,86,109,79,73,83,70,92,90,71,80,63,76,76,55,65,68,61,64
Orange-crowned Warbler,1,0,0,0,3,6,6,13,0,2,1,0,0,0,6,2,7,7,11,14,29,15,17,19,34,31,62,74,80,103,134,134,118,127,147,123,119,108,97,106,121,126,124,99,102,94,120,94
Orange-crowned Warbler,0,0,0,0,0,0,0,0,0,0,0,0,0,0,0,0,0,0,0,0,0,0,0,0,0,0,0,0,4,0,0,0,0,0,0,0,0,0,0,0,0,0,1,0,0,0,0,0
Orchard Oriole,0,0,3,0,0,4,2,2,4,2,0,2,0,3,3,2,3,2,1,4,2,4,4,5,3,13,8,13,6,11,22,10,23,13,15,23,29,14,26,19,27,20,22,27,34,30,34,13
Osprey,0,0,0,0,0,0,0,0,0,0,0,0,0,0,0,0,0,0,0,0,1,0,0,0,0,0,1,0,0,0,1,1,1,2,1,4,1,3,1,3,1,2,3,5,2,3,8,3
Ovenbird,0,0,0,0,0,0,0,0,0,0,0,0,0,0,0,0,0,0,0,0,0,0,0,0,0,0,0,0,0,0,0,0,0,0,0,0,0,0,0,0,0,0,0,1,0,0,2,0
Peregrine Falcon,0,0,0,0,0,0,0,0,0,0,0,0,0,0,0,0,0,0,0,0,0,0,0,0,0,0,0,0,0,1,2,1,1,0,0,0,0,2,3,7,1,2,3,2,0,1,3,1
Pied-billed Grebe,0,1,0,0,0,1,3,0,1,0,0,1,3,0,0,0,1,1,0,0,2,3,2,3,1,3,5,0,6,7,16,7,14,5,5,3,2,14,18,20,16,10,19,2,4,4,8,3
Pine Grosbeak,0,0,0,0,3,0,0,0,0,0,0,0,0,3,0,6,0,0,0,0,14,11,18,4,30,27,31,25,61,27,38,32,30,22,19,19,55,31,53,69,33,23,33,36,35,16,29,38
Pine Siskin,43,44,18,20,53,58,96,98,121,79,125,118,115,108,118,162,67,113,79,46,285,225,114,534,1031,633,696,766,994,937,985,901,737,784,518,338,991,759,776,1093,1110,800,833,634,582,508,748,776
Pinyon Jay,1,3,0,18,36,6,16,16,72,13,42,18,15,12,72,58,20,9,1,60,149,92,72,88,101,123,55,427,148,139,393,259,527,272,262,266,303,119,166,227,100,157,192,102,128,128,154,87
Plumbeous Vireo,0,14,11,7,18,17,22,10,11,18,27,21,23,11,4,6,2,20,27,27,34,21,31,38,73,57,79,73,135,130,156,177,138,201,174,173,128,128,125,184,193,205,178,145,113,158,171,200
Prairie Falcon,0,0,0,0,0,2,2,3,0,0,1,2,2,5,1,2,1,0,1,2,1,3,5,3,6,3,4,4,6,8,11,14,12,9,11,19,2,7,13,9,8,8,15,14,10,6,11,12
Purple Martin,3,0,0,0,0,0,0,0,0,0,0,0,0,0,0,0,0,1,0,0,1,5,0,0,0,3,3,3,12,14,28,26,13,15,19,15,23,26,30,21,8,33,49,57,45,43,32,38
Pygmy Nuthatch,0,12,15,10,15,4,12,10,2,9,7,0,7,1,1,2,3,8,2,1,11,3,14,29,29,42,38,45,26,16,33,43,77,31,43,33,46,70,85,110,58,49,47,61,88,45,54,85
Red Crossbill,0,14,5,5,5,0,6,4,1,3,0,1,6,1,3,0,22,1,0,30,20,51,37,188,94,86,37,88,148,132,154,122,106,31,59,67,274,69,312,286,201,187,200,105,171,233,165,174
Red-breasted Nuthatch,1,0,2,1,3,1,0,0,0,0,1,1,0,1,2,0,2,4,0,2,2,4,14,15,40,54,68,43,60,39,45,44,54,70,46,70,106,55,88,75,52,33,58,27,66,64,50,44
Red-eyed Vireo,0,0,0,0,0,0,0,0,0,0,0,0,0,0,0,0,0,0,0,0,0,0,0,0,0,0,0,1,1,0,0,0,0,0,0,0,0,0,0,2,0,0,0,0,0,0,0,1
Red-headed Woodpecker,0,2,0,1,0,1,2,8,1,2,5,2,2,3,5,4,1,0,2,1,2,4,6,2,5,8,1,0,4,7,7,5,5,4,8,5,3,3,8,13,6,9,7,9,2,6,6,7
Red-naped Sapsucker,0,3,2,4,1,2,16,3,5,14,9,8,7,4,7,5,5,7,19,5,26,8,25,5,39,29,34,33,28,34,46,57,47,74,64,78,101,95,104,61,60,61,74,60,72,74,78,60
Red-necked Grebe,0,0,0,0,0,0,0,0,0,0,0,0,0,0,0,0,0,0,0,0,0,0,0,0,0,0,0,0,0,0,0,0,0,0,0,0,0,0,0,0,0,0,0,0,0,0,0,1
Red-tailed Hawk,5,2,6,12,4,11,5,8,10,3,10,11,11,31,28,30,21,23,28,21,19,36,39,44,76,96,117,98,132,106,136,146,158,136,125,147,110,151,192,202,155,189,185,169,138,151,178,209
Red-winged Blackbird,278,391,487,809,884,1026,1279,1392,1151,1056,1057,1028,1257,1034,1282,889,710,576,930,1122,2327,1693,1174,2194,2724,3146,3896,2791,3313,3439,4257,4376,4107,3210,3394,3649,2732,3608,3085,3882,2935,3259,3718,2994,2784,2608,2566,2749
Redhead,0,0,0,0,0,1,0,2,0,1,0,0,0,0,0,0,0,0,0,4,104,0,3,20,18,17,7,15,3,33,28,15,17,25,3,19,64,39,13,76,19,15,12,11,8,1,6,8
Redhead,0,0,0,0,0,0,0,0,0,0,0,0,0,0,0,0,0,0,0,0,0,0,0,0,0,0,0,0,0,0,0,0,0,0,0,0,0,0,0,0,0,0,2,0,0,0,0,0
Ring-billed Gull,0,0,0,0,0,0,0,0,0,0,0,0,0,0,0,0,0,0,0,0,0,0,0,0,0,0,0,0,0,0,0,0,0,0,0,0,0,0,0,1,0,0,0,0,0,0,0,0
Ring-billed Gull,0,0,0,0,0,0,1,0,0,0,0,0,0,0,0,1,0,0,0,0,0,6,38,8,11,7,3,7,13,31,39,14,27,1,9,1,4,17,0,16,8,16,17,6,0,13,6,2
Ring-necked Duck,0,0,0,0,0,0,0,0,0,0,0,0,0,0,0,0,0,0,2,1,12,2,0,0,1,0,6,2,8,31,43,19,49,12,23,7,32,12,24,7,3,29,25,6,6,18,18,12
Ring-necked Pheasant,200,259,268,246,295,414,348,270,81,195,255,365,286,488,383,579,387,325,251,132,347,335,189,311,489,578,365,284,337,424,390,360,384,408,385,417,448,432,474,479,512,497,473,519,544,335,236,221
Rock Pigeon,25,24,44,73,24,38,69,46,36,17,38,56,47,70,67,37,50,64,41,25,261,298,251,253,196,271,355,246,201,321,277,614,425,302,226,336,380,290,311,372,182,240,212,145,221,213,208,155
Rock Wren,4,4,7,8,17,22,34,36,33,17,18,18,35,31,47,21,32,41,31,19,54,53,54,66,80,124,120,218,155,123,197,176,170,137,172,142,216,124,196,146,207,194,134,156,99,115,170,218
Rose-breasted Grosbeak,0,0,0,0,0,0,0,0,0,0,0,0,0,0,0,0,0,0,0,0,0,0,0,0,0,0,0,0,0,0,0,0,0,0,0,0,0,0,0,0,0,1,0,0,0,0,0,0
Ruby-crowned Kinglet,6,11,5,9,11,13,30,23,26,24,42,35,26,24,57,18,17,15,39,15,207,151,146,116,262,380,643,457,674,633,454,616,617,695,903,846,930,791,793,716,705,713,817,861,785,875,815,907
Ruddy Duck,0,0,0,0,0,0,4,5,0,2,0,0,1,0,0,0,5,0,1,4,3,6,2,10,7,7,8,9,5,16,30,22,29,9,35,9,13,27,28,70,31,33,40,32,30,1,40,131
Ruddy Duck,0,0,0,0,0,0,0,0,0,0,0,0,0,0,0,0,0,0,0,0,0,0,0,0,0,0,0,0,0,0,0,0,2,0,0,0,0,0,0,0,0,0,0,0,0,0,0,0
Rufous Hummingbird,0,0,0,0,0,0,0,0,0,0,0,0,0,0,0,0,0,0,0,0,0,0,0,0,0,0,0,0,0,0,0,0,0,3,0,3,1,3,3,0,1,0,1,0,1,1,0,2
Rufous-crowned Sparrow,0,0,0,0,0,0,0,0,0,0,0,0,0,0,0,0,0,0,0,0,0,0,0,0,0,0,0,0,0,0,0,0,3,0,0,0,0,0,0,0,0,0,0,0,0,0,0,0
Sage Thrasher,2,2,13,29,66,24,38,56,85,86,84,108,105,87,96,118,115,98,121,122,173,202,230,304,357,396,376,556,548,658,562,508,446,253,368,354,418,432,393,428,450,245,440,371,169,216,271,387
Sagebrush Sparrow,0,0,0,0,0,0,3,26,5,0,12,0,0,0,10,0,0,21,0,0,0,6,9,0,53,83,88,120,112,112,100,84,67,23,53,54,69,58,33,44,110,31,29,57,27,43,64,69
Sandhill Crane,0,0,0,0,0,0,0,0,0,0,0,0,0,0,0,0,0,0,0,0,0,0,0,0,0,2,0,0,11,8,8,14,14,17,16,14,13,18,24,34,24,14,10,24,19,25,25,7
Sandhill Crane,0,0,0,0,0,0,0,0,0,0,0,0,0,0,0,0,0,0,0,0,0,0,0,0,0,0,0,0,0,0,0,6,0,1,0,0,0,0,1,0,0,0,0,0,0,0,0,0
Savannah Sparrow,5,15,22,7,8,20,7,19,10,20,7,57,47,19,109,165,135,122,113,100,168,68,46,66,131,94,119,118,200,162,195,199,257,186,197,183,178,202,228,282,184,227,262,233,214,170,219,283
Say's Phoebe,9,18,16,26,36,29,35,33,36,37,38,34,21,44,38,30,25,21,36,29,49,32,57,52,79,98,125,121,154,123,141,126,131,118,140,227,148,141,157,191,187,173,148,128,119,141,175,200
Scaled Quail,5,0,5,4,3,3,0,6,0,17,16,5,11,19,2,14,10,2,17,10,9,35,46,4,62,54,48,76,134,66,25,49,16,42,51,39,61,110,118,85,72,64,41,52,12,19,31,41
Scott's Oriole,0,0,0,0,0,0,0,0,0,0,0,0,0,0,0,0,0,0,0,0,0,0,0,0,0,0,0,0,0,0,0,0,1,2,0,0,3,0,0,1,0,0,0,0,0,1,0,2
Sharp-shinned Hawk,1,0,0,0,0,0,0,2,0,0,0,0,1,0,0,0,0,0,1,0,0,1,1,1,4,1,4,3,6,3,6,5,8,4,7,6,3,5,4,6,4,1,5,2,0,2,6,0
Sharp-shinned Hawk,0,0,0,0,0,0,0,0,0,0,0,0,0,0,0,0,0,0,0,0,0,0,0,0,0,0,0,0,0,0,0,0,0,0,1,0,0,0,0,0,0,0,0,0,0,0,0,0
Sharp-tailed Grouse,0,0,0,0,0,0,0,0,0,0,0,0,0,0,0,0,0,0,0,0,0,0,0,0,0,0,0,0,0,0,0,0,0,0,0,0,0,0,0,0,0,0,0,0,6,0,0,0
Short-eared Owl,0,0,1,0,1,0,2,0,0,0,0,0,4,0,0,2,0,1,0,0,0,0,0,0,1,3,0,0,0,0,1,0,2,2,3,0,0,11,7,0,1,3,1,1,0,0,1,2
Snow Goose,0,0,0,0,0,0,0,0,0,0,0,0,0,0,0,0,0,0,0,0,0,0,0,0,0,0,0,0,0,0,0,0,0,0,0,0,0,0,1,0,0,1,0,0,0,0,0,0
Snowy Egret,0,0,0,0,0,0,0,0,0,0,1,0,0,0,0,0,0,0,0,0,0,14,0,3,0,6,2,9,0,8,1,3,1,27,0,8,4,1,6,0,18,5,2,8,3,0,3,2
Snowy Plover,0,0,0,0,0,0,0,0,0,0,0,0,0,0,0,0,0,0,0,0,0,0,0,0,2,0,0,0,0,0,0,0,0,0,0,0,0,1,0,2,0,0,0,0,0,0,0,0
Solitary Sandpiper,0,0,0,0,0,0,0,0,0,0,0,0,0,0,0,0,0,0,0,0,0,0,0,0,0,0,0,0,0,0,0,0,0,0,0,0,0,0,0,2,0,0,0,0,0,0,0,0
Song Sparrow,11,25,92,57,87,80,33,58,92,49,33,31,72,47,47,53,54,52,122,144,147,129,123,151,193,238,259,282,326,369,427,350,383,331,329,303,284,289,341,327,310,255,320,292,305,233,297,303
Sora,0,0,0,0,0,2,1,0,1,4,0,1,0,1,1,6,0,0,0,3,38,20,2,8,4,2,8,5,3,1,7,10,17,10,8,1,10,12,8,7,5,15,32,9,2,8,11,20
Spotted Sandpiper,2,5,6,5,2,10,3,2,5,7,0,4,17,9,6,13,7,3,11,8,21,14,24,12,28,21,25,43,37,44,51,44,66,47,61,47,33,43,47,52,44,44,31,42,46,57,41,50
Spotted Towhee,2,5,0,6,14,38,50,61,84,110,85,63,61,59,108,75,80,80,107,118,114,75,124,88,193,234,358,439,547,480,691,805,806,599,541,593,375,434,517,646,562,476,537,475,359,555,586,795
Steller's Jay,17,25,26,23,29,24,16,22,17,15,11,10,8,9,14,8,7,7,13,14,49,35,33,40,131,149,102,157,154,180,211,282,220,240,193,155,171,162,189,170,156,122,101,138,130,126,101,133
Stilt Sandpiper,0,0,0,0,0,0,0,0,0,0,0,0,0,0,0,0,0,0,0,0,0,0,0,0,0,0,0,0,0,0,0,0,1,0,0,0,0,0,0,0,0,0,0,0,0,0,4,2
Swainson's Hawk,8,14,17,24,23,38,46,38,27,25,34,33,62,32,79,36,55,35,52,26,72,75,88,96,123,177,163,140,101,154,161,156,126,118,101,162,128,142,175,265,243,220,266,253,206,180,212,192
Swainson's Thrush,0,0,1,0,0,1,5,10,0,1,1,3,2,1,4,17,3,7,15,17,9,9,11,9,33,34,41,27,39,42,29,35,63,39,52,43,56,33,34,42,30,19,29,41,30,26,21,30
Townsend's Solitaire,2,1,5,6,6,0,1,4,5,5,4,1,3,6,3,1,4,7,10,2,15,11,3,9,43,30,33,54,46,33,73,56,58,47,56,43,63,59,60,46,48,36,42,65,65,99,76,51
Tree Swallow,11,21,28,128,17,22,39,23,29,22,36,61,54,55,83,48,80,121,157,113,294,292,160,146,195,306,310,208,395,360,385,585,615,454,494,445,450,517,529,497,487,511,396,435,263,315,366,319
Turkey Vulture,0,2,1,7,7,16,3,4,6,4,7,8,2,3,3,9,4,7,7,22,5,12,21,14,27,25,40,39,69,44,55,39,66,62,35,108,34,71,104,103,94,50,64,61,67,72,100,40
unid. Accipiter Hawk,0,0,0,0,0,0,0,0,0,0,0,0,0,0,0,0,0,0,0,1,0,0,1,0,1,0,0,0,0,0,0,1,0,0,0,0,0,0,0,0,0,0,0,0,0,0,0,0
unid. Black-capped Chickadee / Mountain Chickadee,0,0,0,0,0,0,0,0,0,0,0,0,0,0,0,0,0,0,0,0,0,0,0,0,0,0,0,0,0,0,0,0,0,0,0,0,1,25,2,8,9,1,1,3,1,2,0,0
unid. Bullock's Oriole / Baltimore Oriole,0,0,0,0,0,0,0,0,0,0,0,0,0,0,0,0,0,0,0,2,0,0,0,0,0,0,0,0,0,0,0,0,1,0,0,1,0,0,0,0,0,0,0,0,0,0,0,0
unid. Buteo Hawk,0,0,0,0,0,0,0,0,0,0,0,0,0,0,0,0,0,0,0,0,0,0,0,0,1,5,2,1,1,2,8,2,4,12,2,8,8,4,7,3,3,1,7,8,11,11,5,3
unid. Cassin's Kingbird / Western Kingbird,0,0,0,0,0,0,0,0,0,0,0,0,0,0,0,0,0,0,0,0,0,0,0,0,0,0,0,0,0,0,0,0,0,0,0,0,25,0,0,0,0,0,0,0,0,0,0,0
unid. Chihuahuan Raven / Common Raven,0,0,0,0,0,0,0,0,0,0,0,0,0,0,0,0,0,0,0,0,0,0,0,0,0,3,0,0,0,0,2,6,5,4,10,2,1,4,8,44,0,0,35,0,48,29,61,37
unid. Empidonax Flycatcher,0,1,2,4,26,5,7,12,7,5,6,7,10,2,3,1,2,0,2,2,0,0,2,4,1,11,3,11,7,7,20,12,5,13,7,19,19,13,1,4,6,6,5,8,7,7,11,9
unid. Gull,0,0,0,0,0,0,0,0,0,0,0,0,0,0,0,0,0,0,0,0,254,0,14,0,0,0,0,0,33,0,0,7,0,0,1,8,4,2,1,8,0,0,7,0,20,0,1,0
unid. Hammond's Flycatcher / Dusky Flycatcher,0,0,0,0,0,0,0,0,0,0,0,0,0,0,0,0,0,0,0,0,0,0,0,0,0,0,0,0,0,0,0,0,0,0,0,0,0,1,0,0,1,0,2,3,0,0,0,1
unid. Hummingbird,0,0,0,0,0,0,0,2,0,0,0,0,0,0,0,1,0,0,0,0,0,0,0,0,0,0,2,0,0,0,8,0,1,1,1,0,0,0,1,1,0,0,0,0,0,0,0,0
unid. Lesser Nighthawk / Common Nighthawk,0,0,0,0,0,0,0,0,0,0,0,0,0,0,0,0,0,0,0,0,0,0,0,0,0,0,0,0,0,0,0,0,0,0,0,1,0,0,0,0,0,0,0,0,0,0,0,0
unid. Sapsucker,0,0,0,0,0,0,0,0,0,0,0,0,0,0,0,0,0,0,0,0,0,0,0,0,0,0,0,0,0,0,0,0,0,0,0,3,1,0,1,0,0,0,2,1,1,0,0,0
unid. Spotted Towhee / Eastern Towhee,0,0,0,0,0,0,0,0,0,0,0,0,0,0,0,0,0,0,0,0,0,0,0,0,0,0,0,0,0,0,0,0,0,0,0,0,0,0,1,0,0,0,0,0,0,0,0,0
unid. Western Grebe / Clark's Grebe,0,0,0,0,0,1,0,0,0,0,0,0,1,0,0,5,3,0,0,0,0,0,0,0,0,0,0,0,0,0,0,0,0,0,0,0,0,0,0,0,0,0,0,0,0,0,0,0
unid. Woodpecker,0,0,0,0,0,0,0,0,0,0,0,0,0,0,0,0,0,0,0,0,0,0,0,0,0,0,0,0,0,0,0,0,0,0,2,4,8,3,4,2,1,0,0,1,4,1,4,2
Upland Sandpiper,3,0,0,2,5,1,17,51,4,46,27,6,5,4,12,6,20,3,7,6,19,7,7,6,8,7,5,3,6,1,8,6,2,0,7,6,15,5,6,4,7,1,16,1,5,6,0,9
Veery,4,5,7,8,9,8,7,2,4,0,12,4,0,2,7,4,8,2,4,0,9,8,0,3,12,5,5,9,6,4,8,13,6,11,9,3,4,14,11,10,12,3,2,1,5,12,5,9
Vermilion Flycatcher,0,0,0,0,0,0,0,0,0,0,0,0,0,0,0,0,0,0,0,0,0,0,0,0,0,0,0,0,0,0,0,0,0,0,0,0,0,0,0,0,0,0,1,0,0,0,0,0
Vesper Sparrow,2,10,4,10,14,37,132,109,104,115,60,121,138,152,221,166,172,146,210,234,367,332,449,387,515,433,426,644,937,977,1158,954,1015,739,727,664,717,824,853,881,784,725,901,780,598,713,721,956
Vesper Sparrow,0,0,0,0,0,0,0,0,0,0,0,0,0,0,0,0,0,0,0,0,0,0,0,0,0,0,0,0,0,0,0,0,0,0,9,1,1,0,0,0,1,10,0,0,2,1,0,0
Violet-green Swallow,71,37,55,80,92,121,82,173,138,164,130,108,115,109,211,177,121,141,105,87,388,737,184,1109,547,643,541,1019,693,1246,939,980,699,757,847,1538,981,1249,948,1038,979,1071,836,880,802,806,847,781
Virginia Rail,0,0,0,0,0,0,0,0,1,0,0,0,1,0,0,4,0,0,0,0,0,0,1,0,0,2,0,0,0,0,1,0,1,3,3,0,0,1,0,1,1,1,2,1,0,0,1,5
Virginia's Warbler,0,5,0,7,0,8,11,23,11,12,9,12,25,7,22,10,9,9,27,29,33,23,51,28,75,79,120,73,106,79,204,180,164,169,144,125,136,133,129,134,139,173,125,181,111,140,129,159
Warbling Vireo,10,30,44,35,64,66,93,96,101,92,94,119,71,98,99,93,97,100,155,123,307,208,286,346,697,617,835,745,908,958,1198,1403,1078,1165,1165,1067,1004,1048,935,982,1210,1018,994,890,896,926,998,906
Western Bluebird,0,6,2,1,4,3,23,3,16,7,16,4,7,2,2,1,1,0,0,9,5,5,9,13,56,45,10,23,17,9,79,31,67,64,54,95,71,73,100,96,94,94,59,108,60,77,125,117
Western Grebe,0,0,0,0,0,0,0,0,0,0,0,0,0,0,0,0,0,0,0,0,0,0,6,14,7,1,5,4,7,13,4,13,2,7,27,5,9,0,11,21,1,14,5,2,8,10,17,52
Western Kingbird,75,82,105,109,135,216,174,224,151,174,170,225,210,312,316,306,285,214,301,282,385,554,504,504,953,962,938,908,835,849,919,1162,1165,1177,1303,1668,1477,1189,1599,1551,1398,1486,1224,1399,1051,1329,1201,1134
Western Kingbird,0,0,0,0,0,0,0,0,0,0,0,0,0,0,0,0,0,0,0,0,0,0,0,0,0,0,0,0,0,0,0,0,0,0,0,0,0,0,1,0,0,0,0,0,0,0,0,0
Western Meadowlark,738,1162,1189,1353,1433,3288,3284,3050,1514,2303,2287,2426,2216,3041,3455,2681,2492,2269,2858,2477,3723,4012,3883,4223,8005,6684,7414,7534,8767,8267,7787,8816,7695,7426,6995,8682,6411,7972,7707,7779,8400,9064,8193,7224,6348,5354,5313,6427
Western Screech-Owl,0,0,0,0,0,0,0,0,0,0,0,0,0,0,0,0,0,0,0,0,1,0,0,0,0,0,0,0,0,0,2,0,1,0,0,0,0,0,0,0,0,0,0,0,0,0,0,0
Western Scrub-Jay,1,8,4,8,24,5,12,11,5,16,16,9,6,8,14,5,5,2,5,20,12,16,26,10,22,37,50,55,88,42,115,124,154,120,131,77,52,62,136,116,61,50,61,43,54,89,84,116
Western Tanager,8,36,30,21,21,31,26,27,23,37,28,19,16,12,18,9,6,13,46,48,91,54,67,163,120,160,166,166,265,309,346,451,355,449,345,435,374,383,364,354,426,330,262,280,274,323,350,337
Western Tanager,0,0,0,0,0,0,0,0,0,0,0,0,0,0,0,0,0,0,0,0,0,0,0,0,0,0,0,0,0,0,0,0,0,1,1,1,0,0,0,0,1,0,0,0,0,0,0,0
Western Wood-Pewee,48,42,55,64,49,69,57,62,40,64,49,44,45,49,47,52,38,52,68,78,223,117,135,277,295,315,384,354,396,493,628,657,581,592,526,739,522,529,472,671,627,481,437,476,567,573,700,634
White-breasted Nuthatch,0,0,1,1,9,2,8,7,5,14,7,8,10,10,6,4,2,0,0,10,11,6,8,7,31,41,36,32,59,32,76,106,93,80,79,70,91,69,119,135,92,90,79,59,86,69,89,116
White-crowned Sparrow,3,7,12,2,0,9,4,18,3,6,3,5,3,2,6,2,6,2,16,13,204,91,118,120,392,148,444,268,559,448,560,509,434,460,459,473,482,486,577,457,457,518,414,449,391,387,498,431
White-crowned Sparrow,0,0,0,0,0,0,0,0,0,0,0,0,0,0,0,0,0,0,0,0,0,0,0,0,0,0,13,0,0,0,0,0,0,0,1,0,1,0,0,0,1,3,0,0,0,0,0,0
White-faced Ibis,0,0,0,0,0,0,0,0,0,0,0,0,0,0,0,0,0,0,0,0,0,0,0,0,0,0,0,0,0,0,0,0,0,0,0,0,0,3,0,0,0,0,0,0,0,0,0,0
White-faced Ibis,0,0,0,0,0,0,0,0,0,0,0,0,0,0,0,0,0,0,0,0,28,98,0,30,12,197,55,27,33,21,3,34,33,150,14,28,77,75,99,107,103,50,58,0,39,11,52,11
White-rumped Sandpiper,0,0,0,0,0,0,0,0,0,0,0,0,0,0,0,0,0,0,0,0,0,0,0,0,0,0,0,0,0,0,0,0,0,0,0,0,0,2,0,0,0,0,0,0,0,0,0,0
White-tailed Ptarmigan,0,0,0,0,0,0,0,0,0,0,0,0,0,0,0,0,0,0,0,0,0,0,0,0,0,0,0,0,0,0,0,0,0,0,0,1,2,0,2,1,0,0,0,3,0,2,1,0
White-throated Swift,0,0,1,0,5,5,13,5,0,5,1,25,11,9,16,7,6,6,8,19,68,21,16,51,101,97,70,42,109,81,103,165,98,127,134,84,91,56,109,49,84,197,128,89,61,88,112,144
White-winged Crossbill,0,0,0,0,0,0,0,0,0,0,0,0,0,0,0,0,0,0,0,0,0,0,0,0,0,0,0,0,0,0,0,0,0,0,0,3,0,0,0,0,0,1,2,2,2,0,2,0
White-winged Dove,0,0,0,0,0,0,0,0,0,0,0,0,0,0,0,0,0,0,0,0,0,0,0,0,0,0,0,0,0,0,0,0,0,0,0,0,0,0,1,0,0,0,0,2,0,0,1,0
Wild Turkey,0,0,0,0,1,0,0,0,0,0,0,0,0,0,0,1,0,0,0,0,0,0,1,5,0,3,14,5,6,1,7,10,21,23,46,8,20,20,72,29,21,24,7,32,15,37,48,48
Willet,0,0,0,0,0,0,0,0,0,0,0,0,0,0,0,0,0,0,1,0,0,0,0,0,0,0,0,0,1,0,0,2,1,0,1,0,0,2,0,0,0,0,0,0,0,0,1,0
Willet,0,0,0,0,0,0,0,0,0,0,0,0,0,0,0,0,0,0,0,0,0,0,0,0,0,0,0,0,0,0,0,0,0,0,0,0,1,0,0,0,0,0,0,0,0,0,0,0
Williamson's Sapsucker,0,1,0,1,2,1,2,6,5,13,8,0,2,2,2,0,0,1,1,4,10,12,1,3,12,12,11,15,10,3,9,20,15,11,19,20,26,11,17,22,16,20,12,21,21,19,28,32
Willow Flycatcher,1,6,6,3,8,7,9,6,7,2,3,4,10,12,21,13,15,18,12,33,26,16,23,21,24,19,22,16,21,24,51,33,38,33,45,31,34,45,34,38,31,31,29,19,27,32,24,18
Wilson's Phalarope,4,0,6,0,0,4,8,3,11,5,0,6,12,1,4,1,0,2,11,21,91,79,0,9,4,15,24,32,51,29,35,76,57,83,59,32,40,18,28,28,80,28,14,72,14,13,74,32
Wilson's Snipe,1,7,22,23,20,18,50,25,52,31,29,39,41,35,50,34,62,67,119,123,211,158,75,181,254,196,211,239,262,237,297,326,325,300,257,223,200,230,190,264,213,188,211,180,154,115,111,185
Wilson's Warbler,13,13,10,11,11,11,10,20,16,11,16,14,16,12,8,4,5,1,19,5,32,34,67,104,161,83,189,96,138,139,177,177,134,134,131,121,154,146,163,114,141,166,195,164,135,152,192,132
Wilson's Warbler,0,0,0,0,0,0,0,0,0,0,0,0,0,0,0,0,0,0,0,0,0,0,0,0,0,0,0,0,0,0,0,0,0,0,0,1,0,0,0,0,0,0,0,0,0,0,0,0
Wood Duck,0,0,0,0,0,0,0,0,0,1,0,0,0,1,0,0,0,2,0,0,0,0,0,0,0,0,0,0,0,0,6,0,0,0,2,0,2,4,0,0,0,0,0,3,0,2,0,0
Yellow Warbler,42,48,68,64,96,75,63,94,100,53,146,133,153,90,158,176,207,173,313,160,330,293,198,254,433,436,430,445,533,469,647,665,633,665,600,570,513,548,514,581,566,608,565,515,467,520,539,545
Yellow-billed Cuckoo,0,0,0,0,0,1,0,0,0,0,0,0,1,5,1,1,0,7,0,0,2,0,2,0,0,0,1,1,4,2,4,4,2,5,0,0,0,0,0,0,0,0,0,0,5,2,0,0
Yellow-breasted Chat,8,9,0,10,9,16,29,8,13,26,17,17,14,17,15,26,14,23,13,22,22,18,16,16,27,16,38,17,27,26,23,35,30,54,36,30,32,29,35,31,41,39,29,33,51,53,41,58
Yellow-headed Blackbird,3,0,3,1,17,16,17,8,3,11,4,8,28,7,17,0,7,34,3,17,194,173,26,103,194,168,355,270,167,247,349,169,316,212,207,153,156,121,154,268,183,171,273,202,165,127,131,137
Total Species,111,123,121,133,141,154,163,163,152,153,144,150,162,158,157,163,157,154,161,160,180,187,189,188,197,199,198,200,204,211,220,219,233,223,225,226,227,227,233,231,225,225,230,228,220,222,228,226
Total individuals,5507,7932,8073,9591,11100,17387,18810,18809,12732,16036,15911,16879,16877,18813,22745,19133,17951,15849,19491,17828,33332,31156,28751,35997,58243,56349,62842,62384,63057,71605,69576,77290,69944,66996,61853,74895,65615,70442,73528,75290,68644,69214,67015,63338,56312,56062,60241,67319
